{
  "custom.1":  {"sounds":  ["custom/1"]},
  "custom.2":  {"sounds":  ["custom/2"]},
  "custom.3":  {"sounds":  ["custom/3"]},
  "custom.4":  {"sounds":  ["custom/4"]},
  "custom.5":  {"sounds":  ["custom/5"]},
  "custom.6":  {"sounds":  ["custom/6"]},
  "custom.7":  {"sounds":  ["custom/7"]},
  "custom.8":  {"sounds":  ["custom/8"]},
  "custom.9":  {"sounds":  ["custom/9"]},
  "custom.10":  {"sounds":  ["custom/10"]},
  "custom.11":  {"sounds":  ["custom/11"]},
  "custom.12":  {"sounds":  ["custom/12"]},
  "custom.13":  {"sounds":  ["custom/13"]},
  "custom.14":  {"sounds":  ["custom/14"]},
  "custom.15":  {"sounds":  ["custom/15"]},
  "custom.16":  {"sounds":  ["custom/16"]},
  "custom.17":  {"sounds":  ["custom/17"]},
  "custom.18":  {"sounds":  ["custom/18"]},
  "custom.19":  {"sounds":  ["custom/19"]},
  "custom.20":  {"sounds":  ["custom/20"]},
  "custom.21":  {"sounds":  ["custom/21"]},
  "custom.22":  {"sounds":  ["custom/22"]},
  "ttrm.1":  {"sounds":  ["ttrm/1"]}
}
